<?xml version="1.0" standalone="yes"?>
<DocumentElement>
  <Chart>
    <Id>0</Id>
    <Name>AGV 01</Name>
    <EMG>0.0182000316666667</EMG>
    <Safety>0.0721244466666667</Safety>
    <Stop>0</Stop>
    <Out_x0020_line>0.035454395</Out_x0020_line>
    <Battery_x0020_empty>0.0183343816666667</Battery_x0020_empty>
    <No_x0020_cart>0.027593385</No_x0020_cart>
    <Normal>0.07930014</Normal>
    <Free>1.54278280166667</Free>
    <Pole_x0020_error>6.50114901833332</Pole_x0020_error>
    <Disconnect>0</Disconnect>
    <Shutdown>202.699565471686</Shutdown>
  </Chart>
  <Chart>
    <Id>1</Id>
    <Name>AGV 02</Name>
    <EMG>0.0358644033333333</EMG>
    <Safety>0.0540800950000001</Safety>
    <Stop>0.008840015</Stop>
    <Out_x0020_line>0.09273453</Out_x0020_line>
    <Battery_x0020_empty>0.0265705533333333</Battery_x0020_empty>
    <No_x0020_cart>0</No_x0020_cart>
    <Normal>0.236357081666666</Normal>
    <Free>1.36684994166667</Free>
    <Pole_x0020_error>7.08248202499999</Pole_x0020_error>
    <Disconnect>0</Disconnect>
    <Shutdown>202.090725426686</Shutdown>
  </Chart>
  <Chart>
    <Id>2</Id>
    <Name>AGV 03</Name>
    <EMG>0</EMG>
    <Safety>0</Safety>
    <Stop>0</Stop>
    <Out_x0020_line>0.01835105</Out_x0020_line>
    <Battery_x0020_empty>0.018384385</Battery_x0020_empty>
    <No_x0020_cart>0.008840015</No_x0020_cart>
    <Normal>0</Normal>
    <Free>0.432661393333333</Free>
    <Pole_x0020_error>5.53949015833333</Pole_x0020_error>
    <Disconnect>0</Disconnect>
    <Shutdown>204.976777070019</Shutdown>
  </Chart>
  <Chart>
    <Id>3</Id>
    <Name>AGV 04</Name>
    <EMG>0.0184600316666667</EMG>
    <Safety>0</Safety>
    <Stop>0</Stop>
    <Out_x0020_line>0.0178843566666667</Out_x0020_line>
    <Battery_x0020_empty>0</Battery_x0020_empty>
    <No_x0020_cart>0.0176800316666667</No_x0020_cart>
    <Normal>0</Normal>
    <Free>0.591839208333333</Free>
    <Pole_x0020_error>0.609193076666666</Pole_x0020_error>
    <Disconnect>0</Disconnect>
    <Shutdown>209.739447366686</Shutdown>
  </Chart>
  <Chart>
    <Id>4</Id>
    <Name>AGV 05</Name>
    <EMG>0</EMG>
    <Safety>0</Safety>
    <Stop>0.01742003</Stop>
    <Out_x0020_line>0</Out_x0020_line>
    <Battery_x0020_empty>0.0187200333333333</Battery_x0020_empty>
    <No_x0020_cart>0.0189677516666667</No_x0020_cart>
    <Normal>0</Normal>
    <Free>0.03569773</Free>
    <Pole_x0020_error>0.550576298333334</Pole_x0020_error>
    <Disconnect>0</Disconnect>
    <Shutdown>210.353122228353</Shutdown>
  </Chart>
  <Chart>
    <Id>5</Id>
    <Name>AGV 06</Name>
    <EMG>0</EMG>
    <Safety>0.0187200333333333</Safety>
    <Stop>0</Stop>
    <Out_x0020_line>0.0176800316666667</Out_x0020_line>
    <Battery_x0020_empty>0</Battery_x0020_empty>
    <No_x0020_cart>0.01794003</No_x0020_cart>
    <Normal>0</Normal>
    <Free>0.199940351666667</Free>
    <Pole_x0020_error>0.095421825</Pole_x0020_error>
    <Disconnect>0</Disconnect>
    <Shutdown>210.644801800019</Shutdown>
  </Chart>
  <Chart>
    <Id>6</Id>
    <Name>AGV 07</Name>
    <EMG>0</EMG>
    <Safety>0.0184600333333333</Safety>
    <Stop>0</Stop>
    <Out_x0020_line>0.01821771</Out_x0020_line>
    <Battery_x0020_empty>0</Battery_x0020_empty>
    <No_x0020_cart>0</No_x0020_cart>
    <Normal>0.120153546666667</Normal>
    <Free>0.16199761</Free>
    <Pole_x0020_error>1.27467622166666</Pole_x0020_error>
    <Disconnect>0</Disconnect>
    <Shutdown>209.400998950019</Shutdown>
  </Chart>
  <Chart>
    <Id>7</Id>
    <Name>AGV 08</Name>
    <EMG>0</EMG>
    <Safety>0</Safety>
    <Stop>0</Stop>
    <Out_x0020_line>0</Out_x0020_line>
    <Battery_x0020_empty>0</Battery_x0020_empty>
    <No_x0020_cart>0.01768003</No_x0020_cart>
    <Normal>0.118316875</Normal>
    <Free>0.33706728</Free>
    <Pole_x0020_error>0.919638283333333</Pole_x0020_error>
    <Disconnect>0</Disconnect>
    <Shutdown>209.601801603353</Shutdown>
  </Chart>
  <Chart>
    <Id>8</Id>
    <Name>AGV 09</Name>
    <EMG>0</EMG>
    <Safety>0</Safety>
    <Stop>0</Stop>
    <Out_x0020_line>0</Out_x0020_line>
    <Battery_x0020_empty>0</Battery_x0020_empty>
    <No_x0020_cart>0</No_x0020_cart>
    <Normal>0</Normal>
    <Free>0.0356200616666667</Free>
    <Pole_x0020_error>0.68900121</Pole_x0020_error>
    <Disconnect>0</Disconnect>
    <Shutdown>210.269882800019</Shutdown>
  </Chart>
  <Chart>
    <Id>9</Id>
    <Name>AGV 10</Name>
    <EMG>0</EMG>
    <Safety>0</Safety>
    <Stop>0</Stop>
    <Out_x0020_line>0</Out_x0020_line>
    <Battery_x0020_empty>0</Battery_x0020_empty>
    <No_x0020_cart>0.0184600333333333</No_x0020_cart>
    <Normal>0</Normal>
    <Free>0.01768003</Free>
    <Pole_x0020_error>0.76284134</Pole_x0020_error>
    <Disconnect>0</Disconnect>
    <Shutdown>210.195522668353</Shutdown>
  </Chart>
  <Chart>
    <Id>10</Id>
    <Name>Cua 01</Name>
    <EMG>0</EMG>
    <Safety>0</Safety>
    <Stop>3.29850000000001</Stop>
    <Out_x0020_line>0</Out_x0020_line>
    <Battery_x0020_empty>0.0173166666666667</Battery_x0020_empty>
    <No_x0020_cart>0</No_x0020_cart>
    <Normal>0</Normal>
    <Free>10.6891067266667</Free>
    <Pole_x0020_error>0.380260110000001</Pole_x0020_error>
    <Disconnect>0</Disconnect>
    <Shutdown>196.609320568353</Shutdown>
  </Chart>
  <Chart>
    <Id>11</Id>
    <Name>Cua 02</Name>
    <EMG>0.0178666666666667</EMG>
    <Safety>0.0353166666666667</Safety>
    <Stop>1.20815</Stop>
    <Out_x0020_line>0.0356100333333333</Out_x0020_line>
    <Battery_x0020_empty>0.0174333333333333</Battery_x0020_empty>
    <No_x0020_cart>0</No_x0020_cart>
    <Normal>0.05285</Normal>
    <Free>17.0001301516667</Free>
    <Pole_x0020_error>0.454860133333334</Pole_x0020_error>
    <Disconnect>0</Disconnect>
    <Shutdown>192.172287086686</Shutdown>
  </Chart>
  <Chart>
    <Id>12</Id>
    <Name>Của 03</Name>
    <EMG>0</EMG>
    <Safety>0</Safety>
    <Stop>0.219483333333333</Stop>
    <Out_x0020_line>0</Out_x0020_line>
    <Battery_x0020_empty>0</Battery_x0020_empty>
    <No_x0020_cart>0</No_x0020_cart>
    <Normal>0</Normal>
    <Free>0</Free>
    <Pole_x0020_error>0.0538200933333333</Pole_x0020_error>
    <Disconnect>0</Disconnect>
    <Shutdown>210.721200645019</Shutdown>
  </Chart>
</DocumentElement>