<?xml version="1.0" standalone="yes"?>
<DocumentElement>
  <CrossTable>
    <Id>0</Id>
    <_x0031_>0</_x0031_>
    <_x0032_>0</_x0032_>
    <_x0033_>0</_x0033_>
    <_x0034_>0</_x0034_>
    <_x0035_>0</_x0035_>
    <_x0036_>0</_x0036_>
    <_x0037_>0</_x0037_>
    <_x0038_>0</_x0038_>
    <_x0039_>0</_x0039_>
    <_x0031_0>0</_x0031_0>
    <_x0031_1>0</_x0031_1>
    <_x0031_2>0</_x0031_2>
    <_x0031_3>0</_x0031_3>
    <_x0031_4>0</_x0031_4>
    <_x0031_5>0</_x0031_5>
    <_x0031_6>0</_x0031_6>
    <_x0031_7>0</_x0031_7>
    <_x0031_8>0</_x0031_8>
    <_x0031_9>0</_x0031_9>
    <_x0032_0>0</_x0032_0>
  </CrossTable>
  <CrossTable>
    <Id>1</Id>
    <_x0031_>1</_x0031_>
    <_x0032_>0</_x0032_>
    <_x0033_>0</_x0033_>
    <_x0034_>0</_x0034_>
    <_x0035_>0</_x0035_>
    <_x0036_>0</_x0036_>
    <_x0037_>0</_x0037_>
    <_x0038_>0</_x0038_>
    <_x0039_>0</_x0039_>
    <_x0031_0>0</_x0031_0>
    <_x0031_1>0</_x0031_1>
    <_x0031_2>0</_x0031_2>
    <_x0031_3>0</_x0031_3>
    <_x0031_4>0</_x0031_4>
    <_x0031_5>0</_x0031_5>
    <_x0031_6>0</_x0031_6>
    <_x0031_7>0</_x0031_7>
    <_x0031_8>0</_x0031_8>
    <_x0031_9>0</_x0031_9>
    <_x0032_0>0</_x0032_0>
  </CrossTable>
  <CrossTable>
    <Id>2</Id>
    <_x0031_>0</_x0031_>
    <_x0032_>0</_x0032_>
    <_x0033_>0</_x0033_>
    <_x0034_>0</_x0034_>
    <_x0035_>0</_x0035_>
    <_x0036_>0</_x0036_>
    <_x0037_>0</_x0037_>
    <_x0038_>0</_x0038_>
    <_x0039_>0</_x0039_>
    <_x0031_0>0</_x0031_0>
    <_x0031_1>0</_x0031_1>
    <_x0031_2>0</_x0031_2>
    <_x0031_3>0</_x0031_3>
    <_x0031_4>0</_x0031_4>
    <_x0031_5>0</_x0031_5>
    <_x0031_6>0</_x0031_6>
    <_x0031_7>0</_x0031_7>
    <_x0031_8>0</_x0031_8>
    <_x0031_9>0</_x0031_9>
    <_x0032_0>0</_x0032_0>
  </CrossTable>
</DocumentElement>