﻿<?xml version="1.0" encoding="utf-8"?>
<DocumentElement>
  <Part>
    <Id>0</Id>
    <Name>TS13-01</Name>
    <Enable>True</Enable>
    <TargetPoint>0</TargetPoint>
    <Route>0</Route>
    <EndDevices>0</EndDevices>
    <Text>True</Text>
    <TextSource>0</TextSource>
    <RemainStock>10</RemainStock>
    <Priority>1</Priority>
    <Group>2</Group>
    <Count>4</Count>
    <Target>0</Target>
    <CycleTime>0</CycleTime>
    <Description>0</Description>
    <EmptyCount>3</EmptyCount>
    <X>1837</X>
    <Y>50</Y>
  </Part>
  <Part>
    <Id>1</Id>
    <Name>TS13-02</Name>
    <Enable>True</Enable>
    <TargetPoint>0</TargetPoint>
    <Route>1</Route>
    <EndDevices>0</EndDevices>
    <Text>True</Text>
    <TextSource>0</TextSource>
    <RemainStock>10</RemainStock>
    <Priority>2</Priority>
    <Group>2</Group>
    <Count>7</Count>
    <Target>0</Target>
    <CycleTime>0</CycleTime>
    <Description>0</Description>
    <EmptyCount>2</EmptyCount>
    <X>1795</X>
    <Y>50</Y>
  </Part>
  <Part>
    <Id>2</Id>
    <Name>TS13-03</Name>
    <Enable>True</Enable>
    <TargetPoint>0</TargetPoint>
    <Route>3</Route>
    <EndDevices>0</EndDevices>
    <Text>True</Text>
    <TextSource>0</TextSource>
    <RemainStock>10</RemainStock>
    <Priority>3</Priority>
    <Group>2</Group>
    <Count>6</Count>
    <Target>0</Target>
    <CycleTime>0</CycleTime>
    <Description>0</Description>
    <EmptyCount>1</EmptyCount>
    <X>1748</X>
    <Y>52</Y>
  </Part>
  <Part>
    <Id>3</Id>
    <Name>TM14-01</Name>
    <Enable>True</Enable>
    <TargetPoint>0</TargetPoint>
    <Route>4</Route>
    <EndDevices>1</EndDevices>
    <Text>True</Text>
    <TextSource>0</TextSource>
    <RemainStock>10</RemainStock>
    <Priority>4</Priority>
    <Group>1</Group>
    <Count>0</Count>
    <Target>0</Target>
    <CycleTime>0</CycleTime>
    <Description>0</Description>
    <EmptyCount>0</EmptyCount>
    <X>1693</X>
    <Y>53</Y>
  </Part>
  <Part>
    <Id>4</Id>
    <Name>TM14-02</Name>
    <Enable>True</Enable>
    <TargetPoint>0</TargetPoint>
    <Route>5</Route>
    <EndDevices>1</EndDevices>
    <Text>True</Text>
    <TextSource>0</TextSource>
    <RemainStock>10</RemainStock>
    <Priority>5</Priority>
    <Group>1</Group>
    <Count>0</Count>
    <Target>0</Target>
    <CycleTime>0</CycleTime>
    <Description>0</Description>
    <EmptyCount>0</EmptyCount>
    <X>1645</X>
    <Y>51</Y>
  </Part>
  <Part>
    <Id>5</Id>
    <Name>TM14-03</Name>
    <Enable>True</Enable>
    <TargetPoint>0</TargetPoint>
    <Route>6</Route>
    <EndDevices>1</EndDevices>
    <Text>True</Text>
    <TextSource>0</TextSource>
    <RemainStock>10</RemainStock>
    <Priority>6</Priority>
    <Group>1</Group>
    <Count>0</Count>
    <Target>0</Target>
    <CycleTime>0</CycleTime>
    <Description>0</Description>
    <EmptyCount>1</EmptyCount>
    <X>1593</X>
    <Y>49</Y>
  </Part>
  <Part>
    <Id>6</Id>
    <Name>TM14-04</Name>
    <Enable>True</Enable>
    <TargetPoint>0</TargetPoint>
    <Route>7</Route>
    <EndDevices>1</EndDevices>
    <Text>True</Text>
    <TextSource>0</TextSource>
    <RemainStock>10</RemainStock>
    <Priority>7</Priority>
    <Group>1</Group>
    <Count>2</Count>
    <Target>0</Target>
    <CycleTime>0</CycleTime>
    <Description>0</Description>
    <EmptyCount>0</EmptyCount>
    <X>0</X>
    <Y>0</Y>
  </Part>
  <Part>
    <Id>7</Id>
    <Name>TM14-05</Name>
    <Enable>True</Enable>
    <TargetPoint>0</TargetPoint>
    <Route>8</Route>
    <EndDevices>1</EndDevices>
    <Text>True</Text>
    <TextSource>0</TextSource>
    <RemainStock>10</RemainStock>
    <Priority>8</Priority>
    <Group>1</Group>
    <Count>0</Count>
    <Target>0</Target>
    <CycleTime>0</CycleTime>
    <Description>0</Description>
    <EmptyCount>0</EmptyCount>
    <X>0</X>
    <Y>0</Y>
  </Part>
</DocumentElement>