<?xml version="1.0" standalone="yes"?>
<DocumentElement>
  <WorkingTime>
    <Id>0</Id>
    <BeginTime>2017-11-11T08:00:00+07:00</BeginTime>
    <StartMorTime>2017-11-11T09:50:00+07:00</StartMorTime>
    <StopMorTime>2017-11-11T10:00:00+07:00</StopMorTime>
    <StartLunTime>2017-11-11T12:00:00+07:00</StartLunTime>
    <StopLunTime>2017-11-11T12:55:00+07:00</StopLunTime>
    <StartAftTime>2017-11-11T14:50:00+07:00</StartAftTime>
    <StopAftTime>2017-11-11T15:00:00+07:00</StopAftTime>
    <EndTime>2017-11-11T17:05:00+07:00</EndTime>
  </WorkingTime>
  <WorkingTime>
    <Id>1</Id>
    <BeginTime>2016-03-30T21:00:00+07:00</BeginTime>
    <StartMorTime>2016-03-30T22:50:00+07:00</StartMorTime>
    <StopMorTime>2016-03-30T23:00:00+07:00</StopMorTime>
    <StartLunTime>2016-03-30T01:00:00+07:00</StartLunTime>
    <StopLunTime>2016-03-30T01:55:00+07:00</StopLunTime>
    <StartAftTime>2016-03-30T03:50:00+07:00</StartAftTime>
    <StopAftTime>2016-03-30T04:00:00+07:00</StopAftTime>
    <EndTime>2016-03-30T06:05:00+07:00</EndTime>
  </WorkingTime>
</DocumentElement>